{
	"info": {
		"_postman_id": "30f99751-9fab-48dd-b1dd-ade4069d2410",
		"name": "D&B Direct+ Reference Data",
		"schema": "https://schema.getpostman.com/json/collection/v2.1.0/collection.json"
	},
	"item": [
		{
			"name": "Authentication - Access Token",
			"event": [
				{
					"listen": "test",
					"script": {
						"id": "68b7c795-d469-4a03-ad0e-f9534d269b5b",
						"exec": [
							"var jsonData = JSON.parse(responseBody);\r",
							"postman.setGlobalVariable(\"dnbtoken\",jsonData.access_token);"
						],
						"type": "text/javascript"
					}
				}
			],
			"request": {
				"auth": {
					"type": "basic",
					"basic": [
						{
							"key": "username",
							"value": "",
							"type": "string"
						},
						{
							"key": "password",
							"value": "",
							"type": "string"
						},
						{
							"key": "showPassword",
							"value": false,
							"type": "boolean"
						}
					]
				},
				"method": "POST",
				"header": [
					{
						"key": "Content-Type",
						"value": "application/json"
					},
					{
						"key": "Authorization",
						"value": "Basic <base 64 encoded(yourKey:yourSecret)>"
					}
				],
				"body": {
					"mode": "urlencoded",
					"urlencoded": [
						{
							"key": "grant_type",
							"value": "client_credentials",
							"type": "text"
						}
					]
				},
				"url": {
					"raw": "https://plus.dnb.com/v3/token",
					"protocol": "https",
					"host": [
						"plus",
						"dnb",
						"com"
					],
					"path": [
						"v3",
						"token"
					]
				}
			},
			"response": []
		},
		{
			"name": "Retrieve Categories",
			"request": {
				"method": "GET",
				"header": [
					{
						"key": "Authorization",
						"value": "Bearer {{dnbtoken}}"
					},
					{
						"key": "Content-Type",
						"value": "application/json"
					}
				],
				"url": {
					"raw": "https://plus.dnb.com/v1/referenceData/categories",
					"protocol": "https",
					"host": [
						"plus",
						"dnb",
						"com"
					],
					"path": [
						"v1",
						"referenceData",
						"categories"
					]
				}
			},
			"response": []
		},
		{
			"name": "Retrieve Category Codes",
			"request": {
				"method": "GET",
				"header": [
					{
						"key": "Authorization",
						"value": "Bearer {{dnbtoken}}"
					},
					{
						"key": "Content-Type",
						"value": "application/json"
					}
				],
				"url": {
					"raw": "https://plus.dnb.com/v1/referenceData/category?name=Language",
					"protocol": "https",
					"host": [
						"plus",
						"dnb",
						"com"
					],
					"path": [
						"v1",
						"referenceData",
						"category"
					],
					"query": [
						{
							"key": "name",
							"value": "Language"
						},
						{
							"key": "id",
							"value": "3",
							"disabled": true
						}
					]
				}
			},
			"response": []
		},
		{
			"name": "Retrieve Category Codes (Language Code)",
			"request": {
				"method": "GET",
				"header": [
					{
						"key": "Authorization",
						"value": "Bearer {{dnbtoken}}"
					},
					{
						"key": "Content-Type",
						"value": "application/json"
					}
				],
				"url": {
					"raw": "https://plus.dnb.com/v1/referenceData/category?id=1015&languageCode=41",
					"protocol": "https",
					"host": [
						"plus",
						"dnb",
						"com"
					],
					"path": [
						"v1",
						"referenceData",
						"category"
					],
					"query": [
						{
							"key": "id",
							"value": "1015"
						},
						{
							"key": "languageCode",
							"value": "41"
						}
					]
				}
			},
			"response": []
		},
		{
			"name": "Retrieve ISO To Genc",
			"request": {
				"method": "GET",
				"header": [
					{
						"key": "Authorization",
						"value": "Bearer {{dnbtoken}}"
					},
					{
						"key": "Content-Type",
						"value": "application/json"
					}
				],
				"url": {
					"raw": "https://plus.dnb.com/v1/referenceData/categories/country?isoAlpha2Code=US",
					"protocol": "https",
					"host": [
						"plus",
						"dnb",
						"com"
					],
					"path": [
						"v1",
						"referenceData",
						"categories",
						"country"
					],
					"query": [
						{
							"key": "isoAlpha2Code",
							"value": "US"
						}
					]
				}
			},
			"response": []
		}
	],
	"protocolProfileBehavior": {}
}